Group,Leucine,Isoleucine,Taurine
Drug,-3.330225282,-3.330225282,-3.330225282
Drug,-2.782844747,-2.782844747,-2.782844747
Placebo,4.47024541,4.47024541,4.47024541
Placebo,6.369810464,6.369810464,6.369810464
Placebo,7.044911871,7.044911871,7.044911871