ID,Sample1,Sample2,Sample3,Sample4
Group,Treatment,Baseline,Treatment,Baseline
Subject,ID1,ID2,ID1,ID2
(+)  100.0243_0.57,-0.135182179,-0.088241296,-0.200687483,-0.118773193
(+)  100.0505_0.77,-0.000232441,-0.000232441,-0.000232441,-0.000232441
(+)  100.0757_5.22,-0.164443417,0.048170396,0.246873247,0.629730153
(+)  100.0757_5.52,-0.171573729,-0.332504655,-0.207140501,0.598441101